,ASIN,Dataset,new_filename,Category,Title,Remove
6,1606997912,Test,0,Comics & Graphic Novels,Hip Hop Family Tree 1975-1983 Gift Box Set,0
240,152058761,Test,1,Teen & Young Adult,Young Royals Boxed Set: The Tudor Women,1
167,399168176,Test,2,Self-Help,Keri Smith Deluxe Boxed Set,1
160,1500803898,Test,3,Arts & Photography,Mandala Coloring Book Mega Bundle Vol. 2 & 3: 100 Detailed Mandala Patterns,0
37,738611433,Test,4,Test Preparation,FTCE Exceptional Student Education K-12 Book + Online (FTCE Teacher Certification Test Prep),0
233,880707801,Test,5,Religion & Spirituality,Christmas Joy: Snowflakes/Love Wanted/Gift of Love (HeartQuest Holiday Anthology),0
224,1557787239,Test,6,Christian Books & Bibles,World Scripture: A Comparative Anthology of Sacred Texts,0
211,553508784,Test,7,Reference,Paw Patrol Phonics Box Set (PAW Patrol) (Step into Reading),1
51,147517729,Test,8,"Mystery, Thriller & Suspense",The All Souls Trilogy Boxed Set,1
31,080412454X,Test,9,Test Preparation,Reading and Writing Prep for the SAT & ACT: 2 Books in 1 (College Test Preparation),0
88,049590323X,Test,10,Humor & Entertainment,"The Wadsworth Anthology of Drama, Revised Edition",0
90,1560763418,Test,11,Humor & Entertainment,"Greyhawk Adventures: From the Ashes/Boxed Set (Advanced Dungeons & Dragons, 2nd ed)",0
40,1259585247,Test,12,Test Preparation,Official TOEFLÂ® Test Prep Savings Bundle 2nd Edition,0
164,1878424580,Test,13,Parenting & Relationships,The Four Agreements Toltec Wisdom Collection: 3-Book Boxed Set,0
71,441533825,Test,14,Science Fiction & Fantasy,Mirrorshades: The Cyberpunk Anthology,0
227,B00IGKGS9S,Test,15,Christian Books & Bibles,The 1717 Book of Common Prayer (Reproduction Edition),1
180,9671317502,Test,16,Computers & Technology,"Web Coding Bible (18 Books in 1 -- HTML, CSS, Javascript, PHP, SQL, XML, SVG, Canvas, WebGL, Java Applet, ActionScript, htaccess, jQuery, WordPress, SEO and many more): An Accelerated Course",0
151,1514239671,Test,17,"Cookbooks, Food & Wine","Low Carb & Weight Loss Box Set 3 IN 1: 45 Amazing Low Carb & High Protein Recipes + Weight Watchers Cookbook: (Low Carb Diet Books, Low Carbohydrate ... low carb high protein diet) (Volume 4)",1
229,1556618042,Test,18,Religion & Spirituality,The Cul-de-sac Kids  Books 1-6 (Boxed Set),0
183,B00J2C5JCQ,Test,19,Science & Math,"Stink Moody 7 Books- The World's Worst Super-stinky Sneakers, Solar System Superhero, the Incredible Shrinking Kid, Midnight Zombie Walk, the Incredible Super-galactic Jawbreaker, the Ultimate Thumb-wrestling Smackdown, the Great Guinea Pig Express,",1
134,014023778X,Test,20,Literature & Fiction,Unsettling America: An Anthology of Contemporary Multicultural Poetry,0
105,486292827,Test,21,Literature & Fiction,English Romantic Poetry: An Anthology (Dover Thrift Editions),0
32,1618656449,Test,22,Test Preparation,Kaplan MCAT Complete 7-Book Subject Review: Created for MCAT 2015 (Kaplan Test Prep),1
59,812540115,Test,23,Science Fiction & Fantasy,"The Wheel of Time, Boxed Set II, Books 4-6: The Shadow Rising, The Fires of Heaven, Lord of Chaos",0
220,393933636,Test,24,Reference,"The Norton Anthology of Western Literature, Vol. 2",0
125,393954862,Test,25,Literature & Fiction,The Norton Anthology of World Masterpieces (Fifth Continental Edition),0
23,1421560739,Test,26,Comics & Graphic Novels,Bakuman. Complete Box Set (Volumes 1-20 with premium),0
69,816529825,Test,27,Science Fiction & Fantasy,Walking the Clouds: An Anthology of Indigenous Science Fiction (Sun Tracks),0
96,300099207,Test,28,Literature & Fiction,"The Literature of Ancient Egypt: An Anthology of Stories, Instructions, Stelae, Autobiographies, and Poetry; Third Edition",0
258,1421550059,Test,29,Children's Books,Pokemon Black and White Box Set,1
116,1566081513,Test,30,Literature & Fiction,More Christmas on Stage: An Anthology of Royalty-Free Christmas Plays,0
26,1606996819,Test,31,Comics & Graphic Novels,The Complete Peanuts 1987-1990 Gift Box Set (The Complete Peanuts),1
209,844259667,Train,0,Politics & Social Sciences,World Mythology: An Anthology of Great Myths and Epics,0
1,1480353345,Train,1,Calendars,Trumpets That Work 2013 & 2014 Calendar Bundle,1
228,1578191149,Train,2,Religion & Spirituality,"Sapirstein Edition Rashi: The Torah with Rashi's Commentary Translated, Annotated and Elucidated, Vols. 1-5 [Box Set, Full Size]: Genesis, Exodus, Leviticus, Numbers, Deuteronomy",1
210,73512311,Train,3,Politics & Social Sciences,"Women: Images & Realities, A Multicultural Anthology",0
10,386787770X,Train,4,Comics & Graphic Novels,Side by Side & Still Side by Side: Two Books in One! - Bundle,0
225,898696194,Train,5,Christian Books & Bibles,1979 Book of Common Prayer: Black Vivella,0
33,1118824539,Train,6,Test Preparation,GMAT Official Guide 13e Bundle,1
249,62422790,Train,7,Children's Books,"Paddington Classic Adventures Box Set: A Bear Called Paddington, More About Paddington, Paddington Helps Out",1
157,B00QMQPIZS,Train,8,"Crafts, Hobbies & Home",Gardening Box Set #3: Greenhouse Gardening for Beginners & The Ultimate Guide to Vegetable Gardening for Beginners,1
161,393921638,Train,9,Arts & Photography,The Norton Anthology of Western Music (Seventh Edition)  (Vol. 3),0
120,984213333,Train,10,Literature & Fiction,30 Under 30: An Anthology of Innovative Fiction by Younger Writers,0
139,393080072,Train,11,Literature & Fiction,The Norton Anthology of Latino Literature,0
41,465023827,Train,12,Test Preparation,"The Feynman Lectures on Physics, boxed set: The New Millennium Edition",1
186,1501060724,Train,13,"Health, Fitness & Dieting",Human Behavior: Narcissism Unleashed! + Mind Control Mastery + The Shopping Addiction & Living With OCD + The Ultimate Self Esteem Guide (Box Set) (Volume 5),1
176,3319158287,Train,14,Computers & Technology,Principal Bundles: The Quantum Case (Universitext),0
177,3319147641,Train,15,Computers & Technology,Principal Bundles: The Classical Case (Universitext),0
221,415613485,Train,16,Reference,Translation Bundle Nottingham Uni: The Translation Studies Reader,0
108,393934128,Train,17,Literature & Fiction,The Norton Anthology of Drama (Shorter Edition),0
136,1457604752,Train,18,Literature & Fiction,40 Short Stories: A Portable Anthology,0
187,B001F8JD04,Train,19,"Health, Fitness & Dieting","South Beach Diet, 1 book",0
182,590661094,Train,20,Science & Math,The Magic School Bus: Box Set,1
62,1932100563,Train,21,Science Fiction & Fantasy,The Anthology At The End Of The Universe: Leading Science Fiction Authors On Douglas Adams' The Hitchhiker's Guide To The Galaxy (Smart Pop series),0
226,819229296,Train,22,Christian Books & Bibles,The 1979 Book of Common Prayer with Additional Resources,0
135,393933652,Train,23,Literature & Fiction,"The Norton Anthology of World Literature (Third Edition)  (Vol. Package 1: Vols. A, B, C)",1
149,1939563119,Train,24,"Cookbooks, Food & Wine",Primal Blueprint Box Set: A collection of five hardcover Primal Blueprint books,1
153,1419711318,Train,25,"Crafts, Hobbies & Home",Origami Yoda Files: Boxed Set,1
128,393930149,Train,26,Literature & Fiction,The Norton Anthology of Literature by Women: The Traditions in English (Third Edition)  (Vol. 2),0
241,60734191,Train,27,Teen & Young Adult,The Abhorsen Trilogy Box Set,1
156,1507747705,Train,28,"Crafts, Hobbies & Home",The Ultimate Guide to Greenhouse Gardening for Beginners & The Ultimate Guide to Raised Bed Gardening for Beginners & The Ultimate Guide to Vegetable ... for Beginners (Gardening Box Set) (Volume 24),1
146,1514301520,Train,29,"Cookbooks, Food & Wine","Electric Pressure Cooker Cookbook Box Set: 160 Electric Pressure Cooker Recipes For Breakfast, Brunch, Appetizers, Desserts, Dinner, Soups And Stews",1
124,393321789,Train,30,Literature & Fiction,The Making of a Poem: A Norton Anthology of Poetic Forms,0
123,393979210,Train,31,Literature & Fiction,"The Norton Anthology of Poetry, Shorter Fifth Edition",0
126,393918858,Train,32,Literature & Fiction,"The Norton Anthology of American Literature, 8th Edition",0
141,1412716799,Train,33,"Cookbooks, Food & Wine",Cupcakes Recipe Card Box (Recipe Tin Boxed Sets),0
147,1511835753,Train,34,"Cookbooks, Food & Wine","Pressure Cooker Cookbook Box Set: Pressure Cooker Lunch, Dinner, Dessert And Paleo Recipes",1
188,B009DPB3KE,Train,35,"Health, Fitness & Dieting",South Beach Diet 6 Book Set : The South Beach Diet/the South Beach Diet Cookbook/the South Beach Heart Program / the South Beach Diet Super Quick Cookbook/ the South Beach Diet Dining Guide/ the South Beach Diet Good Fats Good Carbs Guide,1
245,1423125959,Train,36,Teen & Young Adult,Blue Bloods 3-Book Boxed Set,1
16,142158316X,Train,37,Comics & Graphic Novels,Claymore Complete Box Set: Volumes 1-27 with Premium,1
162,140519863X,Train,38,Arts & Photography,Photographic Theory: An Historical Anthology,0
65,1936876922,Train,39,Science Fiction & Fantasy,Shadowrun Beginner Box Set,0
137,1101965487,Train,40,Literature & Fiction,"George R. R. Martin's A Game of Thrones Leather-Cloth Boxed Set (Song of Ice and Fire Series): A Game of Thrones, A Clash of Kings, A Storm of Swords, A Feast for Crows, and A Dance with Dragons",1
230,842342532,Train,41,Religion & Spirituality,Left Behind Collection: Boxed Set Volumes 6-10,1
109,1428288155,Train,42,Literature & Fiction,"The Wadsworth Anthology of Drama, Brief 6th Edition",0
57,B00KFLIOV6,Train,43,Science Fiction & Fantasy,Contamination Boxed Set: Books 0-3,0
231,1580231098,Train,44,Religion & Spirituality,Criminal Kabbalah: An Intriguing Anthology of Jewish Mystery & Detective Fiction,0
49,1495936961,Train,45,"Mystery, Thriller & Suspense",The Anonymous Girl (Special Edition): Bundled with That Girl Started Her Own Country,0
181,1118821076,Train,46,Computers & Technology,Windows 8.1 For Dummies Book + DVD Bundle,1
46,1250059682,Train,47,"Mystery, Thriller & Suspense","Louise Penny Boxed Set (1-3): Still Life,  A Fatal Grace, The Cruelest Month (Chief Inspector Gamache Novel)",0
263,9774166981,Train,48,Travel,A Beirut Anthology: Travel Writing through the Centuries,0
193,538457708,Train,49,Business & Money,"Bundle: Records Management, 9th + Simulation",0
242,689808690,Train,50,Teen & Young Adult,I Am the Darker Brother: An Anthology of Modern Poems by African Americans,0
198,394749138,Train,51,History,Civil War Volumes 1-3 Box Set,1
217,545067707,Train,52,Reference,Grammar Tales Box Set: A Rib-Tickling Collection of Read-Aloud Books That Teach 10 Essential Rules of Usage and Mechanics,0
158,824826833,Train,53,Arts & Photography,Architecture of Bali: A Source Book of Traditional and Modern Forms (Latitude 20 Books),0
238,62352164,Train,54,Teen & Young Adult,"Divergent Series Ultimate Four-Book Box Set: Divergent, Insurgent, Allegiant, Four",1
14,140125280X,Train,55,Comics & Graphic Novels,Batman 75th Anniversary Box Set,0
111,321291387,Train,56,Literature & Fiction,The Longman Anthology of Drama and Theater: A Global Perspective,1
38,1607874512,Train,57,Test Preparation,TExES Social Studies 7-12 232 Book + Online,0
78,62329715,Train,58,Romance,Fifty First Times: A New Adult Anthology,0
152,B00JTNW0BQ,Train,59,"Crafts, Hobbies & Home",Learn Backyard Blacksmithing At Home 129 Books & Guides for Metal Working & Homesteading,0
145,1512148121,Train,60,"Cookbooks, Food & Wine",Low Carb Juicing Recipes and Low Carb Vitamix Recipes: 2 Book Combo (The Low Carb Bibles ),1
213,982320736,Train,61,Reference,The Responsive Guitar 2-book Boxed Set,1
247,62367153,Train,62,Children's Books,Warriors: The New Prophecy Box Set: Volumes 1 to 6: The Complete Second Series,1
29,804126321,Train,63,Test Preparation,Princeton Review MCAT Subject Review Complete Box Set: New for MCAT 2015 (Graduate School Test Preparation),1
81,615907512,Train,64,Romance,Esoterotica's First Anthology: Desire,0
208,393239691,Train,65,Politics & Social Sciences,Leadership: Essential Writings by Our Greatest Thinkers (Norton Anthology),0
222,415584892,Train,66,Reference,Translation Bundle Nottingham Uni: Introducing Translation Studies: Theories and Applications,0
104,393928292,Train,67,Literature & Fiction,The Norton Anthology of English Literature (Single-Volume 8th Edition),0
56,058228452X,Train,68,Science Fiction & Fantasy,Magical Realist Fiction: An Anthology,0
165,2897181710,Train,69,Parenting & Relationships,"Caillou, Toddler Essentials: 5 Books about Growing",1
9,1906838534,Train,70,Comics & Graphic Novels,The Lovecraft Anthology: Volume 1,0
18,1421550067,Train,71,Comics & Graphic Novels,Pokemon Adventures Red & Blue Box Set (set includes Vol. 1-7),1
42,147514576,Train,72,"Mystery, Thriller & Suspense",The Longmire Mystery Series Boxed Set Volumes 1-9 (Walt Longmire Mystery),1
191,1633690954,Train,73,Business & Money,HBR 20-Minute Manager Boxed Set (10 Books) (HBR 20-Minute Manager Series),1
143,B00XIZWWNC,Train,74,"Cookbooks, Food & Wine",Cast Iron Cookbook (3 Book Series),1
194,1611630576,Train,75,Law,An Anthology of Disability Literature,0
192,1285576322,Train,76,Business & Money,"Bundle: Keyboarding and Word Processing Essentials, Lessons 1-55, 19th +Keyboarding Pro DELUXE Online Lessons 1-55, 1 term (6 month) Printed Access Card",1
216,806318538,Train,77,Reference,The Royal Descents of 600 Immigrants to the American Colonies or the United States: Who Were Themselves Notable or Left Descendants Notable in American History. 2 Volumes as 1 book,0
92,240526015,Train,78,Humor & Entertainment,AVP 100 Bundle: Grammar of the Shot,0
117,393912191,Train,79,Literature & Fiction,The Norton Reader: An Anthology of Nonfiction (Shorter Thirteenth Edition),0
185,1860943489,Train,80,Science & Math,"Kinetic theory of gases, the: an anthology of classic papers with historical commentary (History of Modern Physical Sciences, 1)",0
168,812218817,Train,81,Self-Help,The Medieval Craft of Memory: An Anthology of Texts and Pictures (Material Texts),0
68,1481450301,Train,82,Science Fiction & Fantasy,Loosed upon the World: The Saga Anthology of Climate Fiction,0
131,486272753,Train,83,Literature & Fiction,Spoon River Anthology (Dover Thrift Editions),0
12,1937212106,Train,84,Comics & Graphic Novels,Power Bible: Bible Stories to Impart Wisdom - Complete Set (10 Books),0
35,1607146541,Train,85,Test Preparation,Kaplan MCAT Review: Complete 5-Book Series (Kaplan MCAT Complete Subject Review (5v)),1
127,393934772,Train,86,Literature & Fiction,The Norton Anthology of American Literature (Eighth Edition)  (Vol. B),0
98,1444339516,Train,87,Literature & Fiction,Roman Letters: An Anthology,0
25,1560977744,Train,88,Comics & Graphic Novels,The Complete Peanuts 1959-1962 Box Set,1
219,393933644,Train,89,Reference,"The Norton Anthology of Western Literature, Vol. 1",0
76,316212261,Train,90,Science Fiction & Fantasy,"The Parasol Protectorate Boxed Set: Soulless, Changeless, Blameless, Heartless and Timeless",0
47,441018238,Train,91,"Mystery, Thriller & Suspense",Sookie Stackhouse 8-copy Boxed Set (Sookie Stackhouse / Southern Vampire),0
197,1852076755,Train,92,History,Historic Maps of Bahrain 1817-1970 3 Map Box Set (Cambridge Archive Editions),0
166,1482242575,Train,93,Parenting & Relationships,"Reproduction Bundle: Vitrification in Assisted Reproduction, Second Edition (Reproductive Medicine and Assisted Reproductive Techniques Series) (Volume 3)",0
255,1452146985,Train,94,Children's Books,"Goodnight, Goodnight, Construction Site and Steam Train, Dream Train Board Books Boxed Set",1
52,345535529,Train,95,Science Fiction & Fantasy,"George R. R. Martin's A Game of Thrones 5-Book Boxed Set (Song of Ice and Fire series): A Game of Thrones, A Clash of Kings, A Storm of Swords, A Feast for Crows, and A Dance with Dragons",1
252,62266934,Train,96,Children's Books,Learn to Read with Tug the Pup and Friends! Box Set 3: Levels Included: E-G (My Very First I Can Read),1
129,156005743,Train,97,Literature & Fiction,A Book of Luminous Things: An International Anthology of Poetry,0
110,618474773,Train,98,Literature & Fiction,Drama Essentials: An Anthology of Plays,0
45,1940430046,Train,99,"Mystery, Thriller & Suspense",The New Black: A Neo-Noir Anthology,0
178,1511986476,Train,100,Computers & Technology,"Bitcoin Box Set: Bitcoin Basics and Bitcoin Trading and Investing - The Digital Currency of the Future (bitcoin, bitcoins, litecoin, litecoins, crypto-currency) (Volume 3)",0
22,61782289,Train,101,Comics & Graphic Novels,Warriors Manga Box Set: Graystripe's Adventure (Warriors Manga: Graystripe's Trilogy),1
86,1512339334,Train,102,Romance,"Fix You, Books 1-3, The Complete Box Set: Bash and Olivia's Story",0
100,393912485,Train,103,Literature & Fiction,The Norton Anthology of English Literature (Ninth Edition)  (Vol. 2),0
4,545854415,Train,104,Comics & Graphic Novels,Trilogy Box Set (Star Wars: Jedi Academy),0
84,1937823431,Train,105,Romance,Christmas in Duke Street: An Anthology of Holiday Historical Romances,0
130,393977927,Train,106,Literature & Fiction,"The Norton Anthology of Modern and Contemporary Poetry, Volume 2: Contemporary Poetry",0
83,981711243,Train,107,Romance,EROS 369: An Anthology for Adults,0
184,1579248934,Train,108,Science & Math,"Consumer Math, Teacher's Edition, 2nd Edition (2 Books)",0
260,316261513,Train,109,Children's Books,Adventures from the Land of Stories Boxed Set: The Mother Goose Diaries and Queen Red Riding Hood's Guide to Royalty,1
103,60653027,Train,110,Literature & Fiction,"C. S. Lewis Signature Classics: Mere Christianity, The Screwtape Letters, A Grief Observed, The Problem of Pain, Miracles, and The Great Divorce (Boxed Set)",0
5,1421542420,Train,111,Comics & Graphic Novels,The Legend of Zelda Box Set,0
159,300203454,Train,112,Arts & Photography,"An Eames Anthology: Articles, Film Scripts, Interviews, Letters, Notes, and Speeches",0
64,1101898046,Train,113,Science Fiction & Fantasy,"FINAL FANTASY Box Set (FFVII, FFVIII, FFIX): Official Game Guides",0
27,1606994964,Train,114,Comics & Graphic Novels,Walt Disney's Mickey Mouse Collector's Box Set (Vol. 1-2)  (Walt Disney's Mickey Mouse),1
74,765374811,Train,115,Science Fiction & Fantasy,"Ender's Game Boxed Set I: Ender's Game, Ender's Shadow, Shadow of the Hegemon (The Ender Quintet)",1
237,7466536,Train,116,Sports & Outdoors,Cricket: a Modern Anthology,0
256,307982033,Train,117,Children's Books,Thomas' 123 Book (Thomas & Friends) (Pictureback(R)),0
206,631216979,Train,118,Politics & Social Sciences,Sports Ethics: An Anthology,0
234,019875194X,Train,119,Religion & Spirituality,Philosophy of Religion: A Guide and Anthology,0
154,1445488671,Train,120,"Crafts, Hobbies & Home",Gorgeously Gruesome Zombies (Scary Cute Boxsets),0
82,692257934,Train,121,Romance,Esoterotica's Second Anthology: Enflame,0
91,1570194130,Train,122,Humor & Entertainment,Old-Time Radio Thrilling Mysteries (10-Hour Collections) [BOX SET],0
77,B01604IT98,Train,123,Romance,Sing Coda Dominance: Submission Series Bundle #3,0
140,863565247,Train,124,Literature & Fiction,Victims of a Map: A Bilingual Anthology of Arabic Poetry,0
95,872207218,Train,125,Literature & Fiction,Anthology Of Classical Myth: Primary Sources in Translation,0
203,199946582,Train,126,Politics & Social Sciences,Exploring Ethics: An Introductory Anthology,0
259,1603204261,Train,127,Children's Books,"TIME For Kids Big Box Set of Why, How and What?",1
11,1606997696,Train,128,Comics & Graphic Novels,Tardi's WWI: It Was The War Of The Trenches/Goddamn This War Gift Box Set,1
239,670835765,Train,129,Teen & Young Adult,"Fun with Hieroglyphs: 24 Rubber Stamps, Hieroglyph Guidebook, Ink Pad (Box Set) (The Metropolitan Museum of Art)",0
2,1606998617,Train,130,Comics & Graphic Novels,The Complete Peanuts 1995-1998 Gift Box Set (Vol. 12)  (The Complete Peanuts),1
172,1561706124,Train,131,Self-Help,Power Thought Cards: A 64 Card Deck (Box Set),0
20,1632360381,Train,132,Comics & Graphic Novels,Attack on Titan: The Beginning Box Set (Volumes 1-4),0
28,1119101816,Train,133,Test Preparation,GMAT 2016 Official Guide Bundle,1
50,765370131,Train,134,"Mystery, Thriller & Suspense",Patrick Taylor Irish Country Boxed Set (Irish Country Books),1
70,098694842X,Train,135,Science Fiction & Fantasy,Therefore I Am - Digital Science Fiction Anthology 2,0
155,712357203,Train,136,"Crafts, Hobbies & Home",Pleasures of the Garden: A Literary Anthology,0
250,62367161,Train,137,Children's Books,Warriors: Power of Three Box Set: Volumes 1 to 6,1
201,1444335707,Train,138,Politics & Social Sciences,Analytic Philosophy: An Anthology,0
195,316227781,Train,139,Biographies & Memoirs,"The Last Lion Box Set: Winston Spencer Churchill, 1874 - 1965",1
232,373786484,Train,140,Religion & Spirituality,Mothers And Daughters: An Anthology: The Hair Ribbons\Unforgettable (Steeple Hill Fiction Steeple Hill),0
173,71835571,Train,141,Computers & Technology,"CEH Certified Ethical Hacker Bundle, Second Edition (All-in-One)",1
19,1421576066,Train,142,Comics & Graphic Novels,"One Piece Box Set 2: Skypiea and Water Seven, Volumes 24-46",0
132,B001LFTGIK,Train,143,Literature & Fiction,"Dr Seuss Collection 20 Books Set Pack (The Cat in the Hat, Green Eggs and Ham, Fox in Socks, One Fish Two Fish Red Fish Blue Fish, How the Grinch Stole Christmas!, Oh the Places You'll Go!, the Cat in the Hat Comes Back, Dr. Seuss' Abc, Dr. Seuss ..)",1
251,62360639,Train,144,Children's Books,"The Henry and Ribsy Box Set: Henry Huggins, Henry and Ribsy, Ribsy",1
34,1609786122,Train,145,Test Preparation,Kaplan MCAT Review Complete 5-Book Subject Review (Kaplan Test Prep),1
17,1421560747,Train,146,Comics & Graphic Novels,"One Piece Box Set: East Blue and Baroque Works, Volumes 1-23",1
190,130513544X,Train,147,Business & Money,"Bundle: Principles of Microeconomics (Looseleaf), 7th + Aplia(TM) Printed Access Card",0
196,824851641,Train,148,Biographies & Memoirs,"Sunny Skies, Shady Characters: Cops, Killers, and Corruption in the Aloha State (A Latitude 20 Book)",0
39,1607874156,Train,149,Test Preparation,"PRAXIS Special Education 0354/5354, 5383, 0543/5543 Book and Online",0
163,133988066,Train,150,Arts & Photography,"Scott Kelby's Digital Photography Boxed Set, Parts 1, 2, 3, 4, and 5",0
13,1401259987,Train,151,Comics & Graphic Novels,Deathstroke Vol. 1 Book & Mask Set,1
101,393919668,Train,152,Literature & Fiction,"The Norton Anthology of English Literature, The Major Authors (Ninth Edition)  (2 Volume Set)",0
236,1597754005,Train,153,Sports & Outdoors,Yellowstone and Grand Teton National Parks [Map Pack Bundle] (National Geographic Trails Illustrated Map),0
21,1421583348,Train,154,Comics & Graphic Novels,Naruto Box Set 3: Volumes 49-72 with Premium,1
246,547851510,Train,155,Teen & Young Adult,Dead Is In a Box boxed set,0
179,1514799839,Train,156,Computers & Technology,Thrift: The Ultimate 2 in 1 Box Set Guide to Making Money With Thrift Stores and Garage Sales in 60 Minutes or Less (Thrift Store - Thrifting - Make ... on Amazon - Selling on Ebay - Picking),0
254,140565485,Train,157,Children's Books,De Colores and Other Latin American Folksongs for Children (Anthology) (Spanish Edition),0
87,1582344345,Train,158,Humor & Entertainment,Hokum: An Anthology of African-American Humor,0
150,1927126614,Train,159,"Cookbooks, Food & Wine",100 Recipes from 100 Books: Special Collector's Edition (Original),0
244,525451641,Train,160,Teen & Young Adult,Lifelines: A Poetry Anthology Patterned on the Stages of Life,0
133,451530586,Train,161,Literature & Fiction,Spoon River Anthology: 100th Anniversary Edition (Signet Classics),0
0,1609330536,Train,162,Calendars,"13 Book Collection: Calendar Mysteries January Joker, February Friend, March Mischief, April Adventure, May Magic, June Jam, July Jitters, August Acrobat, September Sneakers, October Ogre, November Night, December Dog, New Year's Eve Thieves",1
215,1450855148,Train,163,Reference,Encyclopedia Britannica 6-Book Interactive Science Library,1
85,312947437,Train,164,Romance,"Plum Boxed Set 1, Books 1-3 (One for the Money / Two for the Dough / Three to Get Deadly) (Stephanie Plum Novels)",0
204,1405124784,Train,165,Politics & Social Sciences,Western Philosophy: An Anthology,0
113,1551115816,Train,166,Literature & Fiction,"The Broadview Anthology of Restoration and Early Eighteenth Century Drama, Concise edition",0
253,375834060,Train,167,Children's Books,The Black Stallion Adventures! (Box Set),0
97,1554812569,Train,168,Literature & Fiction,Miracles of the Virgin in Middle English: A Broadview Anthology of British Literature edition,0
121,692464328,Train,169,Literature & Fiction,Fucked Up Shit: A Mixtape Anthology,0
175,201734168,Train,170,Computers & Technology,"Computers & Typesetting, Volumes A-E Boxed Set",1
7,1606997874,Train,171,Comics & Graphic Novels,The Complete Zap Comix Boxed Set,1
119,809330571,Train,172,Literature & Fiction,The Will of a People: A Critical Anthology of Great African American Speeches,0
44,321195019,Train,173,"Mystery, Thriller & Suspense",The Longman Anthology of Detective Fiction,0
53,076536543X,Train,174,Science Fiction & Fantasy,"Mistborn Trilogy Boxed Set (Mistborn, The Hero of Ages, & The Well of Ascension)",1
67,765362430,Train,175,Science Fiction & Fantasy,"The Ender Quartet Boxed Set: Ender's Game, Speaker for the Dead, Xenocide, Children of the Mind (The Ender Quintet)",1
235,966369602,Train,176,Sports & Outdoors,The Orca Project: A Meeting of Nations : An Anthology,0
169,1512154202,Train,177,Self-Help,"NLP 2 in 1 BOX SET: NLP for Fast Weight Loss and  Success Secrets: Change Your Life with Neuro-Linguistic Programming (NLP, Success, Neuro-Linguistic Programming, Practical NLP) (Volume 3)",1
223,1602600155,Train,178,Christian Books & Bibles,Know Your Bible: All 66 Books Explained and Applied (VALUE BOOKS),0
66,1594747911,Train,179,Science Fiction & Fantasy,"William Shakespeare's Star Wars Trilogy: The Royal Imperial Boxed Set: Includes Verily, A New Hope; The Empire Striketh Back; The Jedi Doth Return; and an 8-by-34-inch full-color poster",0
170,992836123,Train,180,Self-Help,The Bumper Bundle Companion Workbook: 75 Quizzes and Exercises to Flex Your Modelling Muscles,0
58,812538366,Train,181,Science Fiction & Fantasy,"The Wheel of Time, Boxed Set I, Books 1-3: The Eye of the World, The Great Hunt, The Dragon Reborn",0
72,692509763,Train,182,Science Fiction & Fantasy,Far Orbit Apogee (Far Orbit Anthology Series) (Volume 2),0
63,804161380,Train,183,Science Fiction & Fantasy,The Legend of Zelda Boxed Set: Prima Official Game Guide,1
189,1508906114,Train,184,"Health, Fitness & Dieting","How to Get Abs: 2-in-1 Flat Stomach Boxed Set (Health, Flat Abs, How to Get Abs, How to Get Abs Fast)",1
199,1932033750,Train,185,History,NAPOLEONIC UNIFORMS: Volumes 1 & 2 (2 Volume Boxed Set),1
148,1517551714,Train,186,"Cookbooks, Food & Wine","Ketogenic Diet BOX SET 2 IN 1:  Learn The Right Way To Lose Fat Fast With 7-Day Keto Kick Start And 30 Amazingly Delicious Ketogenic Snacks: (Lose ... 20 20 diet dr phil , weight watchers)",1
243,763664731,Train,187,Teen & Young Adult,Monstrous Affections: An Anthology of Beastly Tales,0
114,312402090,Train,188,Literature & Fiction,12 Plays: A Portable Anthology,0
205,199797277,Train,189,Politics & Social Sciences,Exploring Philosophy: An Introductory Anthology,0
48,1598534513,Train,190,"Mystery, Thriller & Suspense",Women Crime Writers: Eight Suspense Novels of the 1940s & 50s: A Library of America Boxed Set,1
200,1405154357,Train,191,Politics & Social Sciences,Aesthetics: A Comprehensive Anthology,0
61,1101887486,Train,192,Science Fiction & Fantasy,"Outlander 4-Copy Boxed Set: Outlander, Dragonfly in Amber, Voyager, Drums of Autumn",0
30,804124558,Train,193,Test Preparation,Math and Science Prep for the SAT & ACT: 2 Books in 1 (College Test Preparation),0
107,393921522,Train,194,Literature & Fiction,The Norton Anthology of Drama (Second Edition)  (Vol. 2),0
144,B0158VQY46,Train,195,"Cookbooks, Food & Wine","Preserving Food Box Set: 33 Easy to Follow Steps For Canning, Freezing and Dehydrating Your Favorite Fruits and Vegetables plus The Ultimate Guide to Food ... food without freezing or canning)",1
55,1783294507,Train,196,Science Fiction & Fantasy,Dead Letters Anthology,1
93,1782804366,Train,197,Literature & Fiction,Gloves Off: A Near To The Knuckle Anthology,0
262,1512295671,Train,198,Travel,"RV Camping Guide BOX SET 3 IN 1: 50 Mistakes You Should Avoid + 89 RV Living Hacks And Suprising Secrets. (How to live in a car, travel on a budget, ... how to live in a car, van or RV) (Volume 5)",1
112,1517783712,Train,199,Literature & Fiction,Little Black Book: A Forensics Anthology,0
212,1626161232,Train,200,Reference,"Al-Kitaab Part Two, Third Edition Bundle: Book + DVD + Website Access Card (Al-Kitaab Arabic Language Program) (Arabic Edition)",0
15,1560976322,Train,201,Comics & Graphic Novels,The Complete Peanuts 1950-1954 Box Set,1
43,147508770,Train,202,"Mystery, Thriller & Suspense",The Walt Longmire Mystery Series Boxed Set Volumes 1-4 (Walt Longmire Mysteries),1
75,1629630357,Train,203,Science Fiction & Fantasy,Sisters of the Revolution: A Feminist Speculative Fiction Anthology,0
99,393913015,Train,204,Literature & Fiction,"The Norton Anthology of English Literature (Ninth Edition)  (Vol. Package 2: D, E, F)",0
115,631217274,Train,205,Literature & Fiction,Medieval Drama: An Anthology,0
122,1474410790,Train,206,Literature & Fiction,An Anthology of Arabic Literature: From the Classical to the Modern,0
3,1449433251,Train,207,Comics & Graphic Novels,The Complete Calvin and Hobbes [BOX SET],0
79,B00CD8KOTE,Train,208,Romance,"Try Me, Tempt Me, Take Me: One Night with Sole Regret Anthology Series #1",0
8,941423646,Train,209,Comics & Graphic Novels,The New American Splendor Anthology: From Off the Streets of Cleveland,0
171,1401919162,Train,210,Self-Help,The Teachings of Abraham Book Collection: Hardcover Boxed Set,1
80,150871892X,Train,211,Romance,For the Night: Complete Box Set,0
73,618391134,Train,212,Science Fiction & Fantasy,J.R.R. Tolkien Companion and Guide (Two Volume Box Set),0
94,486296040,Train,213,Literature & Fiction,"African-American Poetry: An Anthology, 1773-1927 (Dover Thrift Editions)",0
118,1416531742,Train,214,Literature & Fiction,Touchstone Anthology of Contemporary Creative Nonfiction: Work from 1970 to the Present,0
89,1119024935,Train,215,Humor & Entertainment,"Minecraft For Dummies Collection, 3-Book Bundle",1
261,553509810,Train,216,Children's Books,Junie B. Jones Complete First Grade Collection: Books 18-28 with paper dolls in boxed set,1
257,1421577771,Train,217,Children's Books,Pokemon Adventures Diamond & Pearl / Platinum Box Set,1
106,039392341X,Train,218,Literature & Fiction,The Norton Anthology of Drama (Second Edition)  (Vol. 1 & 2),1
60,147517389,Train,219,Science Fiction & Fantasy,The Magicians Trilogy Box Set,1
207,1111305447,Train,220,Politics & Social Sciences,Philosophy of Religion: An Anthology,0
142,1517421675,Train,221,"Cookbooks, Food & Wine","Raw Food Diet Bundle: Raw Food Diet 101, Breakfast Recipes, Lunch Recipes and Dinner Recipes. Plus BONUS Spiralizer with a Twist Cookbook",0
24,1421580810,Train,222,Comics & Graphic Novels,Bleach Box Set 2: Volumes 22-48 with Premium,1
36,71834737,Train,223,Test Preparation,PHR/SPHR Professional in Human Resources Certification Bundle (All-in-One),1
214,571191657,Train,224,Reference,The Art of Prayer: An Orthodox Anthology,0
202,020563947X,Train,225,Politics & Social Sciences,"Philosophical Problems: An Annotated Anthology, Reprint (2nd Edition)",0
102,393912515,Train,226,Literature & Fiction,The Norton Anthology of English Literature (Ninth Edition)  (Vol. C),0
248,761184570,Train,227,Children's Books,How to Tell a Story: 1 Book + 20 Story Blocks = A Million Adventures,0
138,861714911,Train,228,Literature & Fiction,In the Buddha's Words: An Anthology of Discourses from the Pali Canon (Teachings of the Buddha),0
54,451211243,Train,229,Science Fiction & Fantasy,The Dark Tower Boxed Set (Books 1-4),1
218,9081709178,Train,230,Reference,An Anthology of Asemic Handwriting,0
174,321418700,Train,231,Computers & Technology,"Software Security Library Boxed Set, First Edition",1